city,population_city_2015,population_city_2018
Abbott,372,376
Abernathy,2748,2686
Abilene,122315,123403
Abram CDP,2305,2449
Ackerly,224,228
Addison,15075,16501
Adrian,164,157
Agua Dulce CDP (El Paso),3304,3399
Agua Dulce (Nueces),835,833
Aguilares CDP,23,27
Airport Heights CDP,174,181
Airport Road Addition CDP,92,93
Alamo,19752,20081
Alamo Heights,7777,8318
Alba,523,554
Albany,2066,1973
Aldine CDP,17292,17857
Aledo,3194,4105
Alfred CDP,84,84
Alice,18706,18862
Alice Acres CDP,491,476
Allen,100412,103494
Alma,354,400
Alpine,5941,5965
Alto,1277,1282
Alto Bonito Heights CDP,361,372
Alton,15127,16822
Alvarado,4095,4574
Alvin,26954,28179
Alvord,1426,1605
Amada Acres CDP,91,81
Amargosa CDP,300,324
Amarillo,201322,203245
Amaya CDP,95,89
Ames,1075,1168
Amherst,669,643
Amistad CDP,46,43
Anacua CDP,11,10
Anahuac,2289,2508
Anderson,232,240
Andrews,13832,14653
Angleton,19964,20571
Angus,438,458
Anna,10950,14542
Annetta,1699,3067
Annetta North,574,565
Annetta South,577,590
Annona,300,290
Anson,2391,2330
Anthony,5518,5677
Anton,1133,1105
Appleby,483,495
Aquilla,101,114
Aransas Pass,8565,8763
Archer City,1813,1929
Arcola,2006,2300
Argyle,4022,4220
Arlington,387148,391409
Arp,987,1029
Arroyo Colorado Estates CDP,1097,1136
Arroyo Gardens CDP,509,536
Asherton,1146,1039
Aspermont,857,867
Atascocita CDP,75877,78094
Athens,13121,13571
Atlanta,5762,5683
Aubrey,3593,3733
Aurora,1331,1576
Austin,921781,974581
Austwell,151,145
Avery,448,444
Avinger,449,444
Azle,11962,13781
Bacliff CDP,9722,10096
Bailey,291,304
Bailey's Prairie,753,798
Baird,1512,1534
Balch Springs,25318,25254
Balcones Heights,3271,3401
Ballinger,3735,3421
Balmorhea,520,566
B and E CDP,559,561
Bandera,859,956
Bangs,1579,1588
Banquete CDP,768,787
Bardwell,688,723
Barrera CDP,120,109
Barrett CDP,3416,3486
Barry,257,262
Barstow,366,377
Bartlett,2799,2613
Barton Creek CDP,3439,3265
Bartonville,1705,1773
Bastrop,8278,9211
Batesville CDP,1079,1061
Bay City,17604,17444
Bayou Vista,1503,1648
Bayside,332,295
Baytown,78971,81859
Bayview,403,408
Beach City,2561,2736
Bear Creek,417,455
Beasley,778,784
Beaumont,118083,119780
Beckville,858,933
Bedford,49160,50237
Bedias,450,485
Bee Cave,6117,6957
Beeville,13250,13444
Bellaire,18584,18425
Bellevue,351,350
Bellmead,10650,10771
Bells,1441,1552
Bellville,4432,4523
Belton,20186,22281
Benavides,1319,1241
Benbrook,23480,23473
Benjamin,259,238
Benjamin Perez CDP,33,33
Berryville,1035,1058
Bertram,1433,1617
Beverly Hills,2053,1994
Bevil Oaks,1226,1233
Bigfoot CDP,525,571
Big Lake,3667,3591
Big Sandy,1365,1384
Big Spring,29008,28156
Big Thicket Lake Estates CDP,795,851
Big Wells,767,679
Bishop,3186,3134
Bishop Hills,182,176
Bixby CDP,574,608
Blackwell,304,298
Blanco,1902,2052
Blanket,391,392
Blessing CDP,975,992
Bloomburg,412,418
Blooming Grove,837,853
Bloomington CDP,2593,2522
Blossom,1569,1568
Blue Berry Hill CDP,876,879
Blue Mound,2488,2458
Blue Ridge,926,947
Bluetown CDP,357,365
Blum,442,472
Boerne,13515,16892
Bogata,1104,1080
Boling CDP,1133,1132
Bolivar Peninsula CDP,2742,2783
Bonanza Hills CDP,40,42
Bonham,10225,10672
Bonney,321,354
Booker,1620,1528
Borger,12755,12437
Botines CDP,122,123
Bovina,1748,1807
Bowie,5143,5137
Box Canyon CDP,21,27
Boyd,1349,1467
Boys Ranch CDP,297,285
Brackettville,1734,1785
Brady,5577,5618
Brazoria,3104,3467
Stockton Bend City,321,325
Brazos Country,512,494
Breckenridge,5446,5807
Bremond,954,991
Brenham,16752,17752
Briar CDP,6034,6342
Briarcliff,1536,1781
Briaroaks,490,505
Bridge City,7909,7900
Bridgeport,6479,7092
Bristol CDP,689,773
Broaddus,194,205
Bronte,951,999
Brookshire,5260,5685
Brookside Village,1637,1662
Browndell,194,204
Brownfield,9548,9484
Brownsboro,1104,1259
Brownsville,184568,185625
Brownwood,19803,19898
Bruceville-Eddy,1897,1865
Brundage CDP,26,20
Bruni CDP,405,381
Brushy Creek CDP,24221,26327
Bryan,83301,85224
Bryson,558,579
Buchanan Dam CDP,1527,1541
Buchanan Lake Village CDP,700,746
Buckholts,514,544
Buda,14644,18323
Buena Vista CDP,111,118
Buffalo,1907,1896
Buffalo Gap,472,498
Buffalo Springs,482,495
Bullard,2774,4101
Bulverde,5303,5783
Buna CDP,2068,2141
Bunker Hill Village,3952,3944
Burkburnett,11046,11223
Burke,745,764
Burleson,42328,46584
Burnet,6380,6881
Burton,312,301
Butterfield CDP,131,135
Byers,492,477
Bynum,196,205
Cactus,3257,3143
Caddo Mills,1471,1706
Caldwell,4379,4538
Callender Lake CDP,1271,1275
Callisburg,352,382
Calvert,1172,1142
Camargito CDP,415,412
Cameron,5395,5629
Cameron Park CDP,7397,7532
Campbell,668,666
Campo Verde CDP,141,155
Camp Swift CDP,7151,7681
Camp Wood,717,763
Canadian,2960,2713
Caney City,237,226
Canton,3972,4015
Cantu Addition CDP,192,184
Canutillo CDP,6795,7055
Canyon,14559,16733
Canyon Creek CDP,997,1075
Canyon Lake CDP,25564,26673
Cape Royale CDP,575,610
Carbon,274,264
Carlsbad CDP,788,787
Carl's Corner,173,178
Carmine,263,258
Carrizo Hill CDP,660,618
Carrizo Springs,6038,5852
Carrollton,136261,141615
Carthage,7019,7004
Casa Blanca CDP,65,63
Casas CDP,44,56
Cashion Community,340,347
Castle Hills,4514,4508
Castroville,2907,3111
Catarina CDP,119,107
Cedar Hill,48354,51246
Cedar Park,67141,73766
Cedar Point CDP,730,621
Celeste,802,925
Celina,7478,12621
Center,5210,5345
Centerville,891,909
Central Gardens CDP,4273,4223
Cesar Chavez CDP,2151,2226
Chandler,3033,3118
Channelview CDP,43012,46013
Channing,366,337
Chaparrito CDP,110,106
Chapeno CDP,49,50
Charlotte,1829,1842
Chester,308,324
Chico,1099,1170
Childress,5895,6195
Chillicothe,645,652
Chilton CDP,917,940
China,1165,1215
China Grove,1287,1337
China Spring CDP,1399,1419
Chireno,385,387
Christine,410,435
Christoval CDP,575,565
Chula Vista CDP (Cameron),311,272
Chula Vista CDP (Maverick),3960,3931
Chula Vista CDP (Zavala),484,487
Cibolo,27290,31066
Cienegas Terrace CDP,3421,3776
Cinco Ranch CDP,21432,24854
Circle D-KC Estates CDP,2695,2737
Cisco,3802,3860
Citrus City CDP,2745,2848
Clarendon,1970,1844
Clarksville,3056,3015
Clarksville City,894,942
Claude,1211,1234
Clear Lake Shores,1188,1164
Cleburne,31541,32335
Cleveland,7997,8620
Clifton,3537,3562
Clint,1141,1211
Cloverleaf CDP,24082,24629
Clute,11405,12156
Clyde,3925,3992
Coahoma,875,887
Cockrell Hill,4425,4412
Coffee City,281,1465
Coldspring,901,975
Coleman,4486,4432
College Station,109474,116998
Colleyville,25779,27047
Collinsville,1676,1998
Colmesneil,579,611
Colorado Acres CDP,329,337
Colorado City,4118,3724
Columbus,3698,3715
Comanche,4331,4351
Combes,3019,3107
Combine,2121,2211
Comfort CDP,2701,2953
Commerce,8994,9786
Como,731,746
Concepcion CDP,58,62
Conroe,85163,86236
Converse,21275,29960
Cool,167,185
Coolidge,1005,997
Cooper,2033,1967
Coppell,40840,41790
Copperas Cove,33415,33203
Copper Canyon,1487,1505
Corinth,22778,22713
Corpus Christi,325080,326162
Corral City,29,28
Corrigan,1574,1691
Corsicana,24445,24764
Cottonwood,201,215
Cottonwood Shores,1185,1345
Cotulla,4186,4005
Country Acres CDP,189,182
Coupland,296,315
Cove,531,550
Covington,269,282
Coyanosa CDP,182,172
Coyote Acres CDP,536,595
Coyote Flats City,314,331
Crandall,2983,3477
Crane,3901,3586
Cranfills Gap,272,289
Crawford,746,754
Creedmoor,218,230
Cresson,794,945
Crockett,6657,6707
Crosby CDP,2840,2855
Crosbyton,1730,1594
Cross Mountain CDP,3569,3658
Cross Plains,1014,1015
Cross Roads,1899,1644
Cross Timber,273,324
Crowell,848,858
Crowley,14474,15639
Crystal City,7544,7270
Cuero,7477,7545
Cuevitas CDP,48,50
Cumby,812,813
Cumings CDP,1228,1352
Cuney,138,138
Cushing,630,611
Cut and Shoot,1105,1413
Daingerfield,2534,2364
Daisetta,994,1109
Dalhart,8304,8244
Dallas,1298196,1358066
Dalworthington Gardens,2361,2354
Damon CDP,587,627
Danbury,1842,1878
Darrouzett,382,352
Dawson,828,813
Dayton,7861,8907
Dayton Lakes,96,108
Dean,475,474
Decatur,6652,7013
DeCordova,2711,3043
Deer Park,34359,34590
De Kalb,1777,1712
De Leon,2206,2237
Dell City,358,378
Del Mar Heights CDP,117,99
Delmita CDP,220,227
Del Rio,35419,35852
Del Sol CDP,237,237
Denison,23019,25631
Denton,139329,140975
Denver City,5008,5297
Deport,582,562
DeSoto,53815,53506
Detroit,685,697
Devers,460,531
Devine,4771,4895
Deweyville CDP,1006,919
D'Hanis CDP,825,840
Diboll,5443,5378
Dickens,256,261
Dickinson,19835,21532
Dilley,4283,4405
Dimmitt,4199,4174
DISH,318,421
Dodd City,363,384
Dodson,109,104
Doffing CDP,5608,5793
Domino,105,108
Donna,17404,17300
Doolittle CDP,2918,3013
Dorchester,164,168
Double Oak,3260,3242
Douglassville,236,223
Doyle CDP,252,256
Driftwood CDP,169,200
Dripping Springs,2636,3967
Driscoll,757,749
Dublin,3645,3612
Dumas,15155,13770
Duncanville,40431,40055
Eagle Lake,3760,3699
Eagle Pass,28547,28780
Early,2903,3118
Earth,993,972
East Alto Bonito CDP,903,966
East Bernard,2309,2367
Eastland,3844,4052
East Lopez CDP,180,178
East Mountain,810,837
Easton,747,651
East Tawakoni,903,992
Ector,709,726
Edcouch,3375,3352
Eden,2876,1460
Edgecliff Village,3024,3037
Edgewater Estates CDP,74,73
Edgewood,1487,1556
Edinburg,89929,98160
Edmonson,107,103
Edna,5769,5908
Edom,382,410
Edroy CDP,328,317
Eidson Road CDP,9275,9069
Elbert CDP,25,21
El Brazil CDP,51,50
El Camino Angosto CDP,265,258
El Campo,11598,11782
El Castillo CDP,205,220
El Cenizo CDP (Starr),269,289
El Cenizo (Webb),3182,3119
El Chaparral CDP,498,507
Eldorado,1807,1717
Electra,2705,2740
Elgin,9341,10234
Elias-Fela Solis CDP,33,36
El Indio CDP,180,171
Elkhart,1307,1314
El Lago,2938,2607
Elm Creek CDP,2770,2820
Elmendorf,1682,2116
El Mesquite CDP,42,43
Elmo CDP,859,865
El Paso,678253,681877
El Quiote CDP,222,229
El Rancho Vela CDP,287,287
El Refugio CDP,371,380
Elsa,6887,7161
El Socio CDP,133,124
Emerald Bay CDP,987,1069
Emhouse,139,142
Emory,1272,1444
Encantada-Ranchito-El Calaboz CDP,2247,2233
Enchanted Oaks,317,339
Encinal,574,607
Encino CDP,139,170
Ennis,20324,21042
Escobares,3012,2854
Escobar I CDP,369,338
Estelline,133,138
Eugenio Saenz CDP,170,168
Euless,54083,57185
Eureka,316,325
Eustace,1022,1011
Evadale CDP,1445,1601
Evant,408,399
Evergreen CDP,80,81
Everman,6295,6284
Fabens CDP,8298,8429
Fabrica CDP,976,974
Fairchilds,988,999
Fairfield,2953,2980
Fair Oaks Ranch,7628,9182
Fairview,9186,9152
Falconaire CDP,134,125
Falcon Heights CDP,50,83
Falcon Lake Estates CDP,1079,1130
Falcon Mesa CDP,359,336
Falcon Village CDP,54,41
Falfurrias,4948,4997
Falls City,660,691
Falman CDP,77,75
Fannett CDP,2296,2337
Farmers Branch,33277,42750
Farmersville,3722,3861
Farwell,1310,1326
Fate,9894,14427
Fayetteville,267,271
Faysville CDP,464,497
Fernando Salinas CDP,14,13
Ferris,2584,3062
Fifth Street CDP,3164,3249
Flatonia,1422,1511
Flor del Rio CDP,131,129
Florence,1227,1275
Floresville,7637,7927
Flowella CDP,116,119
Flower Mound,73552,77530
Floydada,2748,2670
Follett,494,460
Forest Hill,12889,12598
Forney,18915,25371
Forsan,217,219
Fort Bliss CDP,9827,9637
Fort Clark Springs CDP,1252,1184
Fort Davis CDP,1144,1329
Fort Hancock CDP,1690,1817
Fort Hood CDP,31861,29396
Fort Stockton,8697,8284
Fort Worth,832030,894195
Four Corners CDP,15034,15712
Four Points CDP,16,15
Fowlerton CDP,53,49
Franklin,1655,1698
Frankston,1239,1221
Fredericksburg,11075,11529
Freeport,12117,12556
Freer,2695,2627
Fresno CDP,22978,24844
Friendswood,38922,40629
Friona,3906,3934
Frisco,163227,194014
Fritch,2024,1958
Fronton CDP,165,175
Fronton Ranchettes CDP,116,118
Frost,672,651
Fruitvale,420,434
Fulshear,7248,12255
Fulton,1489,1419
Gail CDP,272,279
Gainesville,16315,16639
Galena Park,11200,11040
Gallatin,433,440
Galveston,50137,49638
Ganado,2068,2282
Garceno CDP,405,401
Garciasville CDP,46,52
Garden City CDP,403,421
Gardendale CDP,1940,1933
Garden Ridge,3980,4121
Garfield CDP,1783,1805
Garland,236373,242309
Garrett,836,935
Garrison,902,908
Gary City,306,319
Garza-Salinas II CDP,762,788
Gatesville,15861,16078
Georgetown,64476,75247
George West,2629,2572
Geronimo CDP,1117,1285
Gholson,1107,1118
Giddings,5085,5195
Gilmer,5084,5032
Girard CDP,42,44
Gladewater,6929,6847
Glenn Heights,11983,13355
Glen Rose,2653,2817
Glidden CDP,727,748
Godley,1085,1290
Goldsmith,266,269
Goldthwaite,1944,1903
Goliad,2041,2058
Golinda,561,588
Gonzales,7441,7571
Goodlow,205,198
Goodrich,259,312
Gordon,492,484
Goree,190,184
Gorman,1058,1038
Graford,578,630
Graham,9190,8950
Granbury,9481,10524
Grand Acres CDP,44,43
Grandfalls,383,381
Grand Prairie,186000,194168
Grand Saline,3308,3284
Grandview,1633,1803
Granger,1497,1656
Granite Shoals,5336,5117
Granjeno,300,316
Grape Creek CDP,3259,3179
Grapeland,1444,1419
Grapevine,51874,54077
Grays Prairie,364,378
Greatwood CDP,15120,15112
Green Valley Farms CDP,1483,1526
Greenville,26475,28851
Gregory,1971,1920
Grey Forest,513,554
Groesbeck,4327,4372
Groom,552,563
Groves,16271,15907
Groveton,1020,1084
Gruver,1184,1137
Guadalupe-Guerra CDP,39,49
Guerra CDP,5,4
Gun Barrel City,6098,6157
Gunter,1490,1663
Gustine,468,496
Guthrie CDP,175,160
Gutierrez CDP,86,85
Hackberry,1110,1181
Hale Center,2187,2097
Hallettsville,2596,2693
Hallsburg,532,464
Hallsville,4172,4335
Haltom City,44051,42985
Hamilton,3055,3159
Hamlin,2112,2031
Happy,654,669
Hardin,883,939
Hargill CDP,900,924
Harker Heights,28670,32534
Harlingen,65815,68328
Harper CDP,1291,1346
Hart,1054,1064
Hartley CDP,580,608
Haskell,3328,3266
Haslet,1716,1779
Havana CDP,392,406
Hawk Cove,497,554
Hawkins,1286,1392
Hawley,618,630
Hays,243,263
H. Cuellar Estates CDP,19,15
Hearne,4572,4791
Heath,8004,8417
Hebbronville CDP,4482,4419
Hebron,427,441
Hedley,311,295
Hedwig Village,2743,2558
Heidelberg CDP,1832,1870
Helotes,8639,10124
Hemphill,1230,1256
Hempstead,6986,7309
Henderson,13857,13517
Henrietta,3061,3071
Hereford,15730,15513
Hermleigh CDP,339,322
Hewitt,14282,15169
Hickory Creek,4108,4753
Hico,1335,1462
Hidalgo,13018,14049
Hideaway,3022,3172
Higgins,418,403
Highland Haven,483,433
Highland Park,9423,8685
Highlands CDP,7814,7861
Highland Village,16288,17092
Hill Country Village,1073,1100
Hillcrest,738,779
Hillsboro,8509,8544
Hillside Acres CDP,42,46
Hilltop CDP (Frio),296,308
Hilltop CDP (Starr),84,83
Hilltop Lakes CDP,1003,999
Hilshire Village,848,821
Hitchcock,7710,7855
Holiday Beach CDP,534,480
Holiday Lakes,1202,1247
Holland,1109,1157
Holliday,1722,1792
Holly Lake Ranch CDP,2726,2322
Hollywood Park,3557,3333
Homestead Meadows North CDP,5422,5544
Homestead Meadows South CDP,7557,7758
Hondo,9279,9522
Honey Grove,1663,1664
Hooks,2832,2774
Horizon City,19327,19932
Hornsby Bend CDP,7773,8159
Horseshoe Bay,3600,3972
Horseshoe Bend CDP,887,750
Houston,2331354,2338187
Howardwick,382,373
Howe,2822,3610
Hubbard,1396,1394
Hudson,4924,5051
Hudson Bend CDP,3071,3532
Hudson Oaks,2101,2291
Hughes Springs,1823,1733
Hull CDP,694,773
Humble,15823,15856
Hungerford CDP,317,310
Hunters Creek Village,4841,4951
Huntington,2147,2201
Huntsville,41510,41453
Hurst,38864,38532
Hutchins,5818,6059
Hutto,22471,24809
Huxley,377,376
Iago CDP,155,149
Idalou,2395,2246
Iglesia Antigua CDP,446,453
Impact,39,33
Imperial CDP,303,230
Indian Hills CDP,2905,2797
Indian Lake,687,860
Indian Springs CDP,789,865
Indio CDP,59,76
Industry,320,337
Inez CDP,2254,2379
Ingleside,9691,9754
Ingleside on the Bay,646,584
Ingram,1821,1848
Iola,424,444
Iowa Colony,1296,2229
Iowa Park,6333,6364
Iraan,1265,1166
Iredell,332,340
Irving,239740,246924
Italy,1888,1957
Itasca,1655,1727
Ivanhoe,1489,2009
Jacinto City,10739,10483
Jacksboro,4702,4515
Jacksonville,14518,15138
Jamaica Beach,1061,1080
Jardin de San Julian CDP,25,26
Jarrell,1227,2029
Jasper,7460,7665
Jayton,525,492
Jefferson,2139,2037
Jersey Village,7853,8073
Jewett,1234,1243
JF Villarreal CDP,108,109
Joaquin,805,790
Johnson City,1828,2059
Jolly,158,160
Jollyville CDP,17413,17809
Jones Creek,2121,2195
Jonestown,2018,2099
Josephine,1026,1904
Joshua,6667,7788
Jourdanton,4289,4532
Juarez CDP,1154,1161
Junction,2541,2577
Justin,3813,4089
Karnes City,3389,3202
Katy,15949,20417
Kaufman,7094,7565
K-Bar Ranch CDP,334,355
Keene,6698,6815
Keller,44011,46846
Kemah,1978,2047
Kemp,1231,1268
Kempner,1087,1175
Kendleton,404,451
Kenedy,3400,3525
Kenefick,595,654
Kennard,324,330
Kennedale,7836,8399
Kerens,1588,1584
Kermit,6383,6178
Kerrville,23610,24225
Kilgore,14673,14257
Killeen,140257,151547
Kingsbury,873,130
Kingsland CDP,6551,7323
Kingsville,25511,25394
Kirby,8559,8601
Kirbyville,2108,2257
Kirvin,133,137
Knippa CDP,695,665
Knollwood,443,554
Knox City,1160,1063
Kosse,472,456
Kountze,2216,2130
Kress,702,687
Krugerville,1987,2010
Krum,5042,5175
Kurten,416,371
Kyle,38325,46174
La Blanca CDP,2582,2633
La Carla CDP,75,72
La Casita CDP,120,115
La Chuparosa CDP,56,54
Lackland AFB CDP,11373,10103
La Coma CDP,51,57
LaCoste,1184,1287
Lacy-Lakeview,6630,7010
Ladonia,615,626
La Escondida CDP,167,172
La Esperanza CDP,222,208
La Feria,7877,7814
La Feria North CDP,223,233
Lago CDP,203,180
Lago Vista (Travis),7051,7114
Lago Vista CDP (Starr),123,122
La Grange,4772,4751
La Grulla,1692,1676
Laguna Heights CDP,4102,4229
Laguna Park CDP,1209,1243
Laguna Seca CDP,281,273
Laguna Vista,3414,3280
La Homa CDP,12705,12207
La Joya,4346,4407
Lake Bridgeport,373,398
Lake Brownwood CDP,1585,1510
Lake Bryan CDP,1906,1833
Lake Cherokee CDP,3224,2795
Lake City,511,514
Lake Colorado City CDP,557,533
Lake Dallas,8313,7890
Lake Dunlap CDP,2125,2105
Lakehills CDP,5423,5842
Lake Jackson,28143,27699
Lake Kiowa CDP,1757,1722
Lake Medina Shores CDP,1331,1362
Lake Meredith Estates CDP,414,408
Lakeport,1039,1056
Lakeshore Gardens-Hidden Acres CDP,479,467
Lakeside (San Patricio),307,309
Lakeside (Tarrant),1380,1731
Lakeside City (Archer),1010,1094
Lake Tanglewood,831,885
Lakeview,103,95
Lake View CDP,196,206
Lakeway,13945,15827
Lakewood Village,669,694
Lake Worth,4781,4964
La Loma de Falcon CDP,99,100
Lamar CDP,641,601
La Marque,16208,16817
Lamesa,9378,8816
La Minita CDP,179,178
Lampasas,7757,7947
Lancaster,38271,39001
Lantana CDP,8018,7985
La Paloma CDP,3425,3521
La Paloma Addition CDP,328,320
La Paloma-Lost Creek CDP,429,500
La Paloma Ranchettes CDP,257,256
La Porte,35672,34926
La Presa CDP,322,305
La Pryor CDP,1775,1828
La Puerta CDP,600,601
Laredo,260799,268057
Laredo Ranchettes CDP,22,16
La Rosita CDP,69,69
Lasana CDP,78,68
Lasara CDP,999,912
Las Haciendas CDP,9,3
Las Lomas CDP,3262,3217
Las Lomitas CDP,220,239
Las Palmas CDP (Zapata),65,61
Las Palmas II CDP (Cameron),1861,1895
Las Pilas CDP,29,27
Las Quintas Fronterizas CDP,3549,4014
Latexo,326,332
La Tina Ranch CDP,671,739
Laughlin AFB CDP,1570,1561
Laureles CDP,3786,3629
La Vernia,1302,1387
La Victoria CDP,155,161
La Villa,2271,2543
Lavon,3024,3752
La Ward,218,219
Lawn,328,314
League City,100711,108184
Leakey,445,504
Leander,36594,58638
Leary,502,491
Lefors,516,472
Leming CDP,1102,996
Leona,176,189
Leonard,1996,2080
Leon Valley,11357,11471
Leroy,341,345
Levelland,14115,13732
Lewisville,106855,111150
Lexington,1190,1206
Liberty,9202,9754
Liberty City CDP,2461,2647
Liberty Hill,1638,2088
Lindale,0,6434
Linden,5495,1967
Lindsay (Cooke),1973,1127
Lindsay CDP (Reeves),1083,282
Linn CDP,263,765
Lipan,795,483
Lipscomb CDP,444,28
Little Elm,27,58610
Littlefield,38833,5915
Little River-Academy,5940,2076
Live Oak,1929,16084
Liverpool,15724,573
Livingston,531,5302
Llano,5217,3507
Llano Grande CDP,3303,2728
Lockhart,3318,13889
Lockney,13392,1645
Log Cabin,1684,784
Lolita CDP,740,637
Loma Grande CDP,570,107
Loma Linda CDP,105,128
Loma Linda East CDP (Jim Wells),120,276
Loma Linda East CDP (Starr),254,40
Loma Linda West CDP,42,126
Loma Vista CDP,126,171
Lometa,167,859
Lone Oak,857,676
Lone Star,633,1467
Longoria CDP,1553,95
Longview,98,82894
Loop CDP,82822,256
Lopeno CDP,225,183
Lopezville CDP,185,4251
Loraine,4475,570
Lorena,582,1776
Lorenzo,1771,1160
Los Altos CDP,1199,149
Los Alvarez CDP,150,287
Los Angeles CDP,292,141
Los Arcos CDP,135,136
Los Arrieros CDP,138,91
Los Barreras CDP,94,302
Los Centenarios CDP,300,98
Los Corralitos CDP,99,50
Los Ebanos CDP (Hidalgo),41,318
Los Ebanos CDP (Starr),353,298
Los Fresnos (Cameron),294,8030
Los Fresnos CDP (Webb),5938,85
Los Huisaches CDP,78,16
Los Indios,16,1060
Los Lobos CDP,1106,7
Los Minerales CDP,7,16
Los Nopalitos CDP,20,62
Lost Creek CDP,68,4539
Los Veteranos I CDP,4499,22
Los Veteranos II CDP,24,29
Los Ybanez,29,17
Lott,18,782
Louise CDP,743,1027
Lovelady,1005,638
Lowry Crossing,626,1726
Lozano CDP,2010,436
Lubbock,440,256600
Lucas,250705,8066
Lueders,6602,327
Lufkin,336,37047
Luling,37090,6016
Lumberton,5718,12834
Lyford,12717,2576
Lytle,2579,3023
Mabank,2866,4093
McAllen,3279,144379
McCamey,142689,2103
McDade CDP,1945,719
Macdona CDP,772,590
McGregor,625,5296
McKinney,5145,185862
McKinney Acres CDP,165893,1080
McLean,1018,747
McLendon-Chisholm,790,3113
McQueeney CDP,2000,2614
Madisonville,2689,4778
Magnolia,4720,2153
Malakoff,1872,2442
Malone,2370,276
Manchaca CDP,271,1212
Manor,1303,14078
Mansfield,7896,69909
Manuel Garcia CDP,64523,175
Manuel Garcia II CDP,210,78
Manvel,75,13532
Marathon CDP,8171,394
Marble Falls,413,7125
Marfa,6312,1666
Marietta,1878,132
Marion,134,1241
Markham CDP,1110,1140
Marlin,1045,5665
Marquez,5661,270
Marshall,276,24444
Mart,24842,2041
Martindale,1928,1265
Martinez CDP,1224,69
Mason,73,2293
Matador,2152,615
Matagorda CDP,535,462
Mathis,456,4745
Maud,5000,1079
Mauriceville CDP,1147,3905
Maypearl,3432,1146
Meadow,1092,578
Meadowlakes,555,1827
Meadows Place,1954,4409
Medina CDP,5156,4265
Megargel,4306,198
Melissa,195,12280
Melvin,6752,174
Memphis,183,2148
Menard,2113,1400
Mentone CDP,1464,32
Mercedes,22,17086
Meridian,17193,1511
Merkel,1462,2656
Mertens,2676,128
Mertzon,128,835
"Mesquite (Dallas, Kaufman)",769,140594
Mesquite CDP (Starr),144738,550
Mexia,543,7709
Miami,7725,551
Midland,593,144600
Midlothian,135175,28301
Midway,20717,242
Midway North CDP,237,5037
Midway South CDP,5084,2569
Miguel Barrera CDP,2464,134
Mikes CDP,133,982
Mila Doce CDP,986,6745
Milam CDP,6903,1508
Milano,1559,456
Mildred,409,390
Miles,376,835
Milford,870,764
Miller's Cove,751,156
Millican,151,240
Millsap,254,446
Mineola,440,4843
Mineral Wells,4788,17295
Mingus,16486,249
Mi Ranchito Estate CDP,232,255
Mirando City CDP,267,352
Mission,396,86309
Mission Bend CDP,82995,45175
Missouri City,41351,79390
Mobeetie,76044,96
Mobile City,107,208
Monahans,200,7638
Montague CDP,7262,300
Mont Belvieu,304,5933
Monte Alto CDP,5054,1975
Montgomery,2102,1156
Moody,843,1426
Moore CDP,1398,478
Moore Station,522,205
Moraida CDP,204,230
Morales-Sanchez CDP,231,77
Moran,77,260
Morgan,285,515
Morgan Farm CDP,490,466
Morgan's Point,466,360
Morgan's Point Resort,377,4702
Morning Glory CDP,4184,600
Morse CDP,640,115
Morton,137,1781
Moulton,1922,903
Mountain City,905,797
Mount Calm,719,332
Mount Enterprise,320,439
Mount Pleasant,446,17237
Mount Vernon,17210,2739
Muenster,2838,1634
Muleshoe,1612,5261
Mullin,5134,180
Munday,178,1169
Muniz CDP,1287,1581
Murchison,1531,611
Murillo CDP,601,9070
Murphy,8184,20805
Mustang,20727,23
Mustang Ridge,24,994
Myrtle Springs CDP,970,890
Nacogdoches,970,33676
Naples,34099,1339
Narciso Pena CDP,1381,36
Nash,35,3858
Nassau Bay,3436,4138
Natalia,4082,1627
Navarro,1485,211
Navasota,215,7937
Nazareth,7587,304
Nederland,295,17302
Needville,17244,3416
Nesbitt,3296,269
Netos CDP,271,39
Nevada,35,1089
Newark,1017,1228
New Berlin,1067,608
New Boston,588,4660
New Braunfels,4970,84560
Newcastle,72095,559
New Chapel Hill,589,630
New Deal,604,825
New Fairview,816,1581
New Falcon CDP,1394,173
New Home,180,366
New Hope,348,650
New London,626,996
New Summerfield,995,1214
New Territory CDP,1186,19291
Newton,16182,2352
New Waverly,2388,1091
Neylandville,1041,106
Niederwald,105,648
Nina CDP,624,147
Nixon,153,2503
Nocona,2463,3036
Nocona Hills CDP,3005,630
Nolanville,682,5540
Nome,4846,596
Noonday,572,805
Nordheim,815,316
Normangee,318,683
Normanna CDP,717,109
North Alamo CDP,113,3901
North Cleveland,3714,304
North Escobares CDP,255,107
Northlake,108,3354
North Pearsall CDP,2453,681
North Richland Hills,656,70980
Northridge CDP,68805,91
North San Pedro CDP,88,854
Novice,898,137
Oak Grove,135,702
Oakhurst CDP,672,241
Oak Island CDP,238,385
Oak Leaf,368,1479
Oak Point,1383,4534
Oak Ridge (Cooke),3224,200
Oak Ridge (Kaufman),138,661
Oak Ridge North,588,3476
Oak Trail Shores CDP,3203,3416
Oak Valley,3180,401
Oakwood,395,522
O'Brien,517,104
Odem,104,2390
Odessa,2459,125720
O'Donnell,119860,827
Oglesby,810,469
Oilton CDP,493,373
Old Escobares CDP,377,106
Old River-Winfree,104,1400
Olivarez CDP,1299,4791
Olivia Lopez de Gutierrez CDP,4541,76
Olmito CDP (Cameron),82,1169
Olmito and Olmito CDP (Starr),1243,308
Olmos Park,294,2437
Olney,2366,3138
Olton,3291,2045
Omaha,2112,982
Onalaska,1010,2536
Opdyke West,1926,179
Orange,173,18847
Orange Grove,19271,1309
Orason CDP,1326,131
Orchard,131,430
Ore City,376,1219
Overton,1165,2500
Ovilla,2537,4432
Owl Ranch CDP,3923,201
Oyster Creek,195,1199
Ozona CDP,1110,3012
Pablo Pena CDP,3276,68
Paducah,66,1067
Paint Rock,1112,123
Paisano Park CDP,271,121
Palacios,128,4547
Palestine,4649,18882
Palisades,19683,348
Palmer,352,2234
Palmhurst,2051,2766
Palm Valley,2686,1259
Palmview,1273,7310
Palmview South CDP,6738,6132
Palo Blanco CDP,6014,223
Paloma Creek CDP,221,3049
Paloma Creek South CDP,2932,3403
Palo Pinto CDP,3293,351
Pampa,330,17074
Panhandle,18250,2430
Panorama Village,2336,2387
Pantego,2276,2453
Paradise,2357,572
Paris,466,25330
Parker,25612,5021
Pasadena,4421,153528
Pattison,154375,601
Patton Village,535,2080
Pawnee CDP,1652,156
Payne Springs,156,798
Pearland,783,124018
Pearsall,112704,10656
Pecan Acres CDP,10041,4374
Pecan Gap,4497,204
Pecan Grove CDP,199,19886
Pecan Hill,17647,689
Pecan Plantation CDP,656,5761
Pecos,5530,10331
Pelican Bay,9394,1772
Pena CDP,1650,122
Penelope,125,207
Penitas,200,4810
Perezville CDP,4899,6003
Perrin CDP,5856,446
Perryton,438,8677
Petersburg,9440,1149
Petrolia,1143,670
Petronila,661,112
Pettus CDP,116,558
Pflugerville,556,68924
Pharr,56313,81399
Pilot Point,78815,4563
Pine Forest,4450,505
Pine Harbor CDP,519,797
Pinehurst CDP (Montgomery),817,5507
Pinehurst (Orange),5086,2163
Pine Island,2097,1190
Pineland,1110,823
Pinewood Estates CDP,811,1680
Piney Point Village,1679,3449
Pittsburg,3453,4724
Placedo CDP,4606,756
Plains,764,1669
Plainview,1659,20740
Plano,21824,290441
Plantersville,296641,938
Pleak,1375,1450
Pleasant Hill CDP,543,593
Pleasanton,10291,10794
Pleasant Valley,335,338
Plum Grove,643,701
Point,821,943
Point Blank,740,749
Point Comfort,710,702
Point Venture,942,985
Ponder,1694,2520
Port Aransas,3903,4159
Port Arthur,54942,54440
Porter Heights CDP,1824,2000
Port Isabel,5122,5130
Portland,15660,22151
Port Lavaca,12283,12433
Port Mansfield CDP,177,168
Port Neches,12747,12733
Port O'Connor CDP,1175,1211
Post,5429,5308
Post Oak Bend City,696,688
Poteet,3531,3482
Poth,2259,2332
Potosi CDP,3239,3536
Pottsboro,2245,2522
Powderly CDP,1166,1214
Powell,151,148
Poynor,309,319
Prado Verde CDP,258,275
Prairie View,6435,6560
Premont,2628,2554
Presidio,4172,3961
Preston CDP,2296,2052
Primera,4910,5146
Princeton,8710,11860
Progreso,6037,6103
Progreso Lakes,222,240
Prosper,17348,27715
Providence Village,6034,6324
Pueblo Nuevo CDP,565,577
Putnam,98,97
Pyote,122,131
Quail CDP,19,15
Quail Creek CDP,1795,1819
Quanah,2388,2388
Queen City,1495,1484
Quemado CDP,224,226
Quesada CDP,28,34
Quinlan,1456,1565
Quintana,114,119
Quitaque,362,379
Quitman,1839,1888
Radar Base CDP,845,960
Rafael Pena CDP,17,13
Ralls,1915,1834
Ramireno CDP,30,25
Ramirez-Perez CDP,78,73
Ramos CDP,121,118
Ranchette Estates CDP,143,139
Ranchitos Del Norte CDP,103,102
Ranchitos East CDP,245,233
Ranchitos Las Lomas CDP,304,297
Rancho Alegre CDP,1681,1576
Rancho Banquete CDP,425,387
Rancho Chico CDP,440,506
Ranchos Penitas West CDP,592,536
Rancho Viejo (Cameron),2576,2573
Rancho Viejo CDP (Starr),247,268
Randolph AFB CDP,1353,1387
Ranger,2442,2414
Rangerville,335,355
Rankin,808,856
Ransom Canyon,1121,1103
Ratamosa CDP,261,267
Ravenna,205,213
Raymondville,11132,11144
Realitos CDP,174,154
Redfield CDP,426,414
Redford CDP,81,71
Redland CDP,1096,1149
Red Lick,1045,1054
Red Oak,12211,13153
Redwater,1147,1126
Redwood CDP,4851,5078
Refugio,2885,2691
Regino Ramirez CDP,97,91
Reid Hope King CDP,868,855
Reklaw,385,384
Relampago CDP,148,141
Rendon CDP,13907,14172
Reno (Lamar),3296,3362
"Reno (Parker, Tarrant)",2756,3027
Retreat,403,410
Rhome,1665,1933
Ricardo CDP,990,1052
Rice,983,1024
Richardson,115702,125740
Richland,257,270
Richland Hills,7848,7858
Richland Springs,342,350
Richmond,13511,13271
Richwood,3874,4247
Riesel,1033,1051
Rio Bravo,4852,4833
Rio Grande City,15040,15049
Rio Hondo,2473,2720
Rio Vista,946,1073
Rising Star,822,836
Rivera CDP,178,179
Rivereno CDP,63,60
River Oaks,7795,8029
Riverside,549,559
Riviera CDP,663,703
Roanoke,7585,9282
Roaring Springs,222,237
Robert Lee,1000,1073
Robinson,11963,11904
Robstown,11434,11207
Roby,624,606
Rochester,316,316
Rockdale,5546,5685
Rockport,10184,10244
Rocksprings,1118,1130
Rockwall,44150,44121
Rocky Mound,67,71
Rogers,1248,1226
Rollingwood,1539,1589
Roma,10114,11484
Roma Creek CDP,350,333
Roman Forest,1901,2067
Ropesville,440,422
Roscoe,1266,1273
Rosebud,1364,1344
Rose City,520,511
Rose Hill Acres,448,415
Rosenberg,40882,41345
Rosharon CDP,1245,1401
Rosita CDP,2775,2657
Ross,300,285
Rosser,362,382
Rotan,1441,1408
Round Mountain,203,186
Round Rock,120068,130282
Round Top,92,88
Rowlett,61324,68867
Roxton,671,656
Royse City,12133,13013
Rule,615,623
Runaway Bay,1411,1540
Runge,1129,1158
Rusk,5513,5745
Sabinal,1742,1751
Sachse,24772,26312
Sadler,314,345
Saginaw,21674,24294
St. Hedwig,2393,2516
St. Jo,1038,1088
St. Paul (Collin),1370,1101
St. Paul CDP (San Patricio),608,639
Salado,1985,2096
Salineno CDP,187,171
Salineno North CDP,128,108
Sammy Martinez CDP,112,109
Samnorwood CDP,58,59
Sam Rayburn CDP,1091,1164
San Angelo,101772,99794
San Antonio City,1462766,1544672
San Augustine,2032,1911
San Benito,24542,24640
San Carlos CDP (Hidalgo),3422,3564
San Carlos I CDP (Webb),340,342
San Carlos II CDP (Webb),292,284
Sanctuary,346,333
Sanderson CDP,744,719
Sandia CDP,367,339
San Diego,4336,4279
Sandoval CDP,35,38
Sand Springs CDP,862,858
Sandy Hollow-Escondidas CDP,305,261
Sandy Oaks City,218,4601
Sandy Point,14533,245
San Elizario,815,14268
San Felipe,73,874
San Fernando CDP,159,71
Sanford,8919,153
Sanger,231,9241
San Isidro CDP,36836,219
San Juan (Hidalgo),136,38110
San Juan CDP (Starr),542,130
San Leanna,5482,546
San Leon CDP,58059,5580
San Marcos,439,66466
San Patricio,543,429
San Pedro CDP,555,478
San Perlita,3106,565
San Saba,4898,3317
Sansom Park,1054,5558
Santa Anna (Coleman),18,1051
Santa Anna CDP (Starr),755,7
Santa Clara,53,733
Santa Cruz CDP,13025,65
Santa Fe,754,13624
Santa Maria CDP,87,674
Santa Monica CDP,2931,76
Santa Rosa (Cameron),242,2758
Santa Rosa CDP (Starr),47,238
Santel CDP,651,41
San Ygnacio CDP,239,545
Sarita CDP,3934,255
Savannah CDP,855,4001
Savoy,5506,846
Scenic Oaks CDP,37841,5735
Schertz,3049,42725
Schulenburg,3377,2935
Scissors CDP,482,3156
Scotland,371,523
Scottsville,740,370
Scurry,13927,772
Seabrook,1453,14150
Seadrift,15968,1524
Seagoville,2704,16903
Seagraves,6542,2886
Sealy,1801,6946
Sebastian CDP,583,1734
Seco Mines CDP,28430,587
Seguin,8407,31239
Selma,7356,13985
Seminole,1591,7641
Serenada CDP,2000,1657
Seth Ward CDP,108,1949
Seven Oaks,1470,118
Seven Points,2606,1535
Seymour,2002,2766
Shadybrook CDP,5063,2147
Shady Hollow CDP,3109,5099
Shady Shores,2541,3169
Shallowater,1991,2501
Shamrock,3477,1797
Shavano Park,2093,4030
Sheldon CDP,2908,2064
Shenandoah,2383,3133
Shepherd,40966,2600
Sherman,1085,44192
Sherwood Shores CDP,2117,1172
Shiner,1598,2218
Shoreacres,16701,1581
Sienna Plantation CDP,554,18645
Sierra Blanca CDP,1989,565
Siesta Acres CDP,1477,1992
Siesta Shores CDP,6880,1566
Silsbee,645,6815
Silverton,972,691
Simonton,5729,945
Sinton,450,5133
Skellytown,922,456
Skidmore CDP,6165,939
Slaton,558,5948
Smiley,4068,556
Smithville,484,4558
Smyer,522,474
Snook,11707,541
Snyder,32957,11380
Socorro,533,34887
Solis CDP,1777,441
Somerset,1433,1909
Somerville,3358,1511
Sonora,1854,3049
Sour Lake,3744,1940
South Alamo CDP,76,3269
South Fork Estates CDP,17771,78
South Houston,30388,17666
Southlake,326,31797
South La Paloma CDP,1021,331
Southmayd,374,1107
South Mountain,2804,362
South Padre Island,1435,2833
South Point CDP,1876,1417
Southside Place,468,1849
South Toledo Bend CDP,63,414
Spade CDP,5230,65
Sparks CDP,3403,5410
Spearman,1827,3291
Splendora,108,2165
Spofford,60764,103
Spring CDP,618,68371
Spring Branch,102,255
Spring Gardens CDP,3013,646
Springlake,4169,96
Springtown,1217,3086
Spring Valley Village,18642,4354
Spur,585,1233
Stafford,2953,19260
Stagecoach,2900,607
Stamford,274,2963
Stanton,465,3085
Staples,19719,271
Star Harbor,996,492
Stephenville,1835,22065
Sterling City,1552,992
Stinnett,513,1756
Stockdale,1875,1687
Stonewall CDP,2175,539
Stowell CDP,652,2022
Stratford,253,2119
Strawn,239,666
Streetman,884,252
Study Butte CDP,94961,244
Sudan,4178,894
Sugar Land,16229,129423
Sullivan City,1383,4282
Sulphur Springs,6111,16199
Sundown,1960,1410
Sunnyvale,735,6715
Sunray,512,1813
Sunrise Beach Village,51,802
Sunset CDP (Montague),23,560
Sunset CDP (Starr),730,51
Sunset Acres CDP,80,17
Sunset Valley,573,698
Sun Valley,3885,82
Surfside Beach,10617,581
Sweeny,3088,4182
Sweetwater,1485,10434
Taft,2644,2972
Taft Southwest CDP,510,1351
Tahoka,1967,2678
Talco,248,518
Talty,56,2664
Tanquecitos South Acres CDP,1411,242
Tanquecitos South Acres II CDP,17217,52
Tatum,3654,1455
Taylor,208,17597
Taylor Lake Village,3673,3623
Taylor Landing,302,211
Teague,71852,3588
Tehuacana,1107,288
Temple,49,77295
Tenaha,17131,1163
Terlingua CDP,5308,43
Terrell,38181,18120
Terrell Hills,49688,5307
Texarkana,342,38816
Texas City,541,50946
Texhoma,42937,340
Texline,2622,531
The Colony,110114,46384
The Hills,303,2514
The Woodlands CDP,51,124511
Thompsons,1316,307
Thompsonville CDP,533,51
Thorndale,510,1416
Thornton,931,541
Thorntonville,1993,515
Thrall,771,999
Three Rivers,606,1975
Throckmorton,129,764
Thunderbird Bay CDP,33,618
Tierra Bonita CDP,435,123
Tierra Dorada CDP,305,35
Tierra Grande CDP,1051,429
Tierra Verde CDP,340,304
Tiki Island,457,1057
Tilden CDP,15950,288
Timbercreek Canyon,1164,492
Timberwood Park CDP,838,16617
Timpson,308,1133
Tioga,506,1019
Tira,80,313
Tivoli CDP,113,474
Toco,826,72
Todd Mission,11647,120
Tolar,1054,985
Tomball,2350,11691
Tom Bean,1524,1150
Tool,100,2404
Tornillo CDP,187,1452
Toyah,2766,99
Tradewinds CDP,355,195
Travis Ranch CDP,634,2964
Trent,894,340
Trenton,2748,692
Trinidad,13431,891
Trinity,1909,2765
Trophy Club,1855,14169
Troup,295,2171
Troy,4752,1956
Tuleta CDP,13,304
Tulia,405,4688
Tulsita CDP,732,3
Turkey,1286,383
Tuscola,104346,752
Tye,270,1314
Tyler,1215,107549
Tynan CDP,114,282
Uhland,359,1364
Uncertain,348,94
Union Grove,20817,373
Union Valley,23655,399
Universal City,222,21822
University Park,16585,25458
Utopia CDP,2346,219
Uvalde,115,16368
Uvalde Estates CDP,500,2402
Valentine,1193,125
Valle Vista CDP,773,506
Valley Mills,2429,1292
Valley View,2717,842
Val Verde Park CDP,3371,2690
Van,417,2900
Van Alstyne,1982,4658
Vanderbilt CDP,1985,461
Van Horn,867,1852
Van Vleck CDP,3349,2218
Vega,10197,905
Venus,67141,5370
Vernon,107,10188
Victoria,10879,67326
Victoria Vera CDP,199,108
Vidor,856,10955
Villa del Sol CDP,138,193
Villa Pancho CDP,887,943
Villarreal CDP,1958,147
Villa Verde CDP,598,855
Vinton,1185,2069
Volente,135662,616
Von Ormy,1107,1335
Waco,5621,139324
Waelder,2653,1148
Wake Village,1325,5757
Waller,866,3458
Wallis,812,1379
Walnut Springs,331,927
Warren CDP (Tyler),2183,867
"Warren City (Gregg, Upshur)",24406,280
Waskom,33869,2268
Watauga,29342,24391
Waxahachie,428,38643
Weatherford,11473,31188
Webberville,2248,478
Webster,168,11982
Weimar,484,2240
Weinert,257,170
Weir,2106,504
Welch CDP,196,246
Wellington,785,2044
Wellman,12718,199
Wells,40032,846
Wells Branch CDP,2961,13884
Weslaco,733,41287
West,240,2871
West Alto Bonito CDP,3952,743
Westbrook,379,238
West Columbia,1656,4269
Westdale CDP,1255,417
Western Lake CDP,3172,1644
Westlake,8807,1706
West Lake Hills,1066,3154
West Livingston CDP,28410,9581
Westminster CDP,692,1128
West Odessa CDP,2775,28273
Weston,3487,597
Weston Lakes,811,3327
West Orange,2359,3378
Westover Hills,1645,733
West Sharyland CDP,15753,2240
West Tawakoni,4252,1775
West University Place,1236,15851
Westway CDP,2652,4133
Westwood Shores CDP,8772,1048
Westworth Village,1666,2770
Wharton,953,8634
Wheeler,419,1484
White Deer,8210,1014
Whiteface,6389,439
Whitehouse,3927,9002
White Oak,17204,6469
Whitesboro,1629,4139
White Settlement,2145,17615
Whitewright,105033,1707
Whitney,527,2177
Wichita Falls,2587,106362
Wickett,1293,538
Wild Peach Village CDP,6588,2664
Wildwood CDP,4841,1164
Willis,3623,7144
Willow Park,4019,5515
Wills Point,482,3814
Wilmer,2745,4883
Wilson,5885,484
Wimberley,1059,3127
Windcrest,200,5874
Windemere CDP,400,1236
Windom,526,208
Windthorst,1066,414
Winfield,3454,542
Wink,3372,1033
Winnie CDP,602,3621
Winnsboro,2554,3401
Winona,261,593
Winters,1411,2390
Wixon Valley,4278,244
Wolfe City,1374,1529
Wolfforth,1688,5623
Woodbranch,204,1475
Woodcreek,1484,1687
Woodloch,247,215
Woodsboro,2711,1419
Woodson,9115,250
Woodville,1050,2746
Woodway,2705,9250
Wortham,47588,1076
Wyldwood CDP,396,2719
Wylie,5944,53256
Yantis,2197,411
Yoakum,94,6273
Yorktown,5047,2138
Yznaga CDP,112,76
Zapata CDP,64,4643
Zapata Ranch CDP,731,111
Zarate CDP,393,61
Zavalla,27725192,742
Zuehl CDP,,383
State of Texas,,28901062
